id,spoiler
0,"balloons and a sign in hand that reads, ""Heard urine need of a kidney, want mine?"" Graham McMillan, the answer is simple: there is simply no limit to what he would do for his friends. So, when his buddy Danny Kolzow, a 23-year-old nurse at Baylor All Saints in Fort Worth, TX, found himself in need of a kidney"
1,Why you SHOULD be selfish at work: Helping others will lead to 'generosity burnout' and can damage your career We're always being encouraged to help others before we help ourselves. 4. Amplify your impact 5- Dedicate blocks of time to giving rather than doing it all the time. It'll make you more focussed and effective. 6 - Avoid people who only take - they'll drain your energy
2,Have a Bunch of Money
3,Braconid
4,3. Remove the egg yolks from the fridge after 4 days 4. Place the yolks on a paper towel to drain and pat off any excess water. 2. Separate 4 egg yolks Cured egg yolks
5,"John Williams music. To celebrate the fake holiday, Rdio.com has compiled a playlist of selections from Williams' ""Star Wars"" scores, including such gems as the recognizable ""Main Title,"" ""The Imperial March,"" ""Princess Leia's Theme"" and HuffPost Entertainment's personal favorite, ""The Throne Room/End Title (Medley)."""
6,"1. Take a long, warm shower with sweet-smelling essential oils 4. Read or listen to something soothing 5. Tell yourself a story. Be your own storyteller and just create some happy, imaginary tales for yourself. It can be anything that would make you happy and relaxed. You can even pen down your thoughts. 6. Zone yourself out. 5. Tell yourself a story 4. Read or listen to something soothing"
7,"Why You Should Never Pet A Service Dog Flynn the dog does a lot to help out his 17-year-old human, Hailey Ashmore: He can open and close doors, fetch her parents and, most importantly, alert her to oncoming seizures. When strangers stop to play with assistance dogs, they can interfere with their work. ""They're not a piece of equipment,"" Reiss said. ""They can be distracted."" ""They can be distracted."""
8,Lord Ivar Mountbatten
9,"When an audience member asked Brandon and this panelists to share what kept them motivated on the path to financial independence during an episode of his ""Financial Independence Podcast,"" he responded that instead of struggling to stick to his savings goals, he coped with putting away too much. One extra dollar in your bank account Focus on the power that you're getting along the way with all that money that you're saving up, and use that power to make your life a lot better along the way,"" he says. ""Don't sacrifice happiness for that final number in the bank."""
10,"But what was perhaps the most baffling part of the whole thing was the one question I was asked again and again from fellow moms: ""Who is watching your kids?"" ""How long are you gone again?"" Kids need to know their daddies can care for them as well."
11,"Foursquare's Dennis Crowley: This Mistake Will Get You Called Out on Social Media Building loyalty with your customers is crucial for growing a business, but trying too hard can also get your company skewered on social media."
12,Celia Cruz
13,"""People talk a lot and they know little,"" De Gea said in quotes appearing in Marca. ""I know how all this works, but what I think is disrespectful is when people start making out that it's something I have said. ""I've got three more years on my contract with United and the desire to win more titles here."" ""We can make a great team and I welcome him."""
14,"When he goes to a meet-up he’s planned with a strange woman, he shoves his hand down her throat, enjoying that he can see how his intrusive hand bulges her neck. The women in Homesick for Another World are equally self-involved and dismissive of their romantic partners. Reading Homesick for Another World offers a similar experience to watching a dark comedy, like the British sitcom ""Peep Show."" a man obsesses over a woman who works at a video game arcade he frequents ""The Beach Boy,"" his hands"
15,$117 billion $123.6 billion
16,"The letter went on to say that none of the pigs in the pen were Chihiro's parents, which she knew because ""as a 10-year-old girl, could understand the difference because she had overcome difficulties and had managed to acquire the 'energy to live' — which is something everyone can do naturally,"" the letter stated according to a translation by RocketNews24."
17,"Gulf Futurism ""Black Friday"" sits comfortably in Al-Maria's roster of projects. Planned obsolescence Growing up in Qatar provided a unique vantage point from which to witness the rapid evolution of history, in a commercial and technological sense. Techno-pessimism More than anything, Gulf Futurism is perhaps an investigation into some of the more negative aspects of a hyper-connected digital society that can sometimes be a lonely place -- a perspective Al-Maria describes as ""techno-pessimistic."""
18,1. Get an education 4. Put a lid on fees 2. Say hello to risk
19,New York
20,Michael Sam
21,"Swedish police eventually work it out Police in western Sweden initially thought a man whose car was stuck in the snow was Danish, but after a while they realized he was slurring his words because he was drunk."
22,"Now it’s possible! The starting price being extremely low, you only need a few credits to get amazing discounts, which can go up to 90% of the retail value of the products! CLICK HERE Step 2: Browse the Live Auctions to find a product you would like to win, click on the auction and start bidding!"
23,yellow raincoat
24,"Men who paint one fingernail are helping to raise awareness about a very important issue. But upon further inspection, one could learn about the reason of the painted fingernail, and be referred to learn more about the project by visiting The Polish Man Project’s webpage On the website, people can donate to sexual abuse trauma and recovery prevention. Elliot promised the young girl that he would keep one of his nails painted in remembrance of her and her struggle 1 in 5 children are – or have been – victims of sexual abuse"
25,"Yesterday, Hamill was asked by a female Star Wars fan via Twitter if she could go to Comic-Con dressed as Luke. He said in his tweet: Gender matters not when you're rocking the Force like you are, baby! Jessica is definitely not alone. Nevertheless, it’s pretty awesome to see an actor like Mark Hamill using his influence to inspire positivity among fans. He rocks! The actor is currently filming Star Wars: Episode VIII, which hits theaters on December 15, 2017. He will also be attending Star Wars Celebration Europe"
26,That’s when she realized the men had just left Officer Smith’s funeral.
27,"Americans Are Convinced Climate Change Is Connected To Stronger Storms, Poll Says Most Americans think climate change, and more frequent and severe natural disasters are linked, according to a new HuffPost/YouGov poll that also finds most think human activity is at least partially responsible for the changing climate. Although scientists can't say with certainty whether a specific storm was caused by climate change, rising sea levels make storm surges from hurricanes and typhoons potentially more deadly in coastal areas, contributing to increased destruction."
28,"Donald Trump’s stunning win in Florida was a microcosm of what unfolded nationwide on Tuesday: Despite losing big to Hillary Clinton in diverse, urban areas of south Florida, Trump dominated in every other corner of the state and outperformed past Republican candidates with older, white and blue collar voters. Trump’s campaign initially didn’t run a robust absentee-ballot program to get voters to fill out and mail back their votes. He delayed advertising on television Trump blew away records in the Tampa Bay media market, the western edge of the vaunted I-4 corridor that helps swing elections."
29,"The program, to be carried out in nearby Oakland, is meant to test a scheme called Universal Basic Income, or UBI. Limits aside, the general point remains the same: (Almost) everyone gets a check from the government to spend without restrictions. ""People are starting to think there are more cost effective, less paternalistic, hands-on ways to help."" ""I think we are moving towards a world with less job security,"" Almost) everyone gets a check from the government to spend without restrictions UBI"
30,2. Finland 17. South Africa 10. Nicaragua 3. Political empowerment 4. Sweden
31,"he is giving his owner some seriously relentless side-eye. Watch the hilarious video below to see one unamused puppy. This was the perfect way to start my week. Just to image of the dog’s face is enough to make me burst out laughing. If he could talk, this dog would be saying, ""I’m not mad, I’m just disappointed."""
32,They are retail dinosaurs Tesco
33,"Unfortunately, the NES Classic Edition is not available for pre-order just yet. The NES Classic Edition is likely to be a victim of its own popularity. It’s going to be difficult to keep in stock"
34,College affordability textbooks
35,belts out a few of his favorite Broadway tunes
36,Laziness might not be a terrible trait after all.
37,"1. People play bingo with chicken sh*t. 12. You could see topless swimmers at the public pool. Austin, Texas"
38,"An expert on Lou Gehrig's disease explains what we know about this debilitating condition and how Hawking has beaten the odds Editor’s Note: Renowned theoretical physicist Stephen Hawking died on March 14, 2018, at age 76. —is a neurodegenerative disease. I would say probably less than a few percent. I don't believe that adds to longevity. He's a very good example of the sparing of the non-motor parts of the brain that can occur"
39,"YInMn blue."" blue"
40,low-illumination night lights blue wavelength light artificial lens implants can help improve sleep. Scientists at China's Sichuan University studied the effects of blue-light blocking artificial lenses implanted during cataract surgery blue-light
41,"It is a form of apophenia, when people see patterns in random, unconnected data. This was later proven to just be a chance alignment of shifting sand dunes. 'Of course there's no way to know for sure it's a beer bottle, I'm going out on limb calling it that."
42,Parenthood
43,"With such an insanely huge number of people living in just one city, it should come as no surprise that there is also an insanely huge amount of garbage produced. It turns out the combination of heat and humidity allow bacteria to grow faster and smells to travel further."
44,"Five raccoons were trapped inside the Coonskin Park trash receptacle, and one of those raccoons was like nothing he'd ever seen before. This trashmonger was an albino raccoon, an incredibly rare specimen according to the Indiana Division of Fish and Wildlife."
45,Jason Aldean
46,"""Harry pocketed it"" was the exact phrase in the book. Years later, he was doing his job as normal when, reading The Prisoner of Azkaban, he came across a part where the titular character pockets something. ""The phrase ‘Harry pocketed it’ appeared in the next four books."""
47,"1,448.7 days First, I had to compile all of the lists BuzzFeed has published in its ""Before You Die"" format"
48,"Russell Wilson Listens To Gospel Before Kickoff Russell Wilson is just about one of the most humble people you could ever meet. ""I’m Gonna Be Ready"" by Yolanda Adams . I think ultimately the NFL and all the players, we just want it to be called the right way, whatever that is."
49,"nothing will be just right for my kids. The kitty folders are too childish I’m not going to buy just the one extra box of tissues because (let’s all be honest here) I can afford more than that. Yes, Expo markers are expensive."
50,"The former Vanderbilt quarterback is set to appear on the SEC Network as a college football analyst this season, and an ESPN executive says Rodgers earned the role on his talent alone."
51,"How Free DLC Helped Turn A Small Steam Game Into A Hit Keeping DLC mostly free has Keeping DLC mostly free has worked well for big developers like CD Projekt with The Witcher 3 , who can garner reams of publicity from players used to being nickled-and-dimed to death by other big-budget releases. This one added multiplayer, and they decided to release it close to the Steam Summer Sale, to drum up additional interest. Sponsored ""So if we were to judge things by those figures alone, we would have lost a big chunk of cash,"" they added. MultiPrayer DLC Thea: The Awakening added multiplayer"
52,"1) Readers wanted to read about it In my pre-Vox life, I was the TV editor of The A. ) The answer to why the media keeps pushing Mad Men on the people is simple: the people keep pushing it on us. 3) There just wasn't as much good TV on When Mad Men started, it was popular to suggest that the end of The Sopranos, the cancellation of HBO's Deadwood, and the impending end of The Wire signaled the end of TV's Golden Age."
53,1. Eat legumes 4. Use olive oil 3. Eat nuts 4. Use olive oil 1. Eat legumes 3. Eat nuts
54,At least in Pennsylvania.
55,plastic debris sperm whales the whales internal organs had collapsed
56,"baby boomers A majority of once-married, eligible men Divorced or widowed men 40 percent of marriages involve one spouse who's been married before. In 20 percent of new marriages, both spouses have previously said ""I do."""
57,"Louise the infant koala — a squeaking, wet, grey bundle of fur found on the ground after the east coast storms — became a symbol of hope after wild weather hit Australia's east coast in June. The Brisbane duo famous for launching the world's first free mobile laundry for the homeless launched their second charitable venture in June — a shower van. Campbell Remess is not like most 12-year-olds. The boy from Hobart makes teddy bears for sick children Louise the infant koala Disgruntled over the price of a lime, two Queensland locals started Australia's first integrated, edible streetscape in a bid to live a simple organic lifestyle of community and fresh food."
58,"Kili the Senegal parrot has somehow managed to become a master at ""playing dead."""
59,Miley Ray Cyrus Miley Cyrus Cyrus
60,"Mrs. Thom SAT preparation or not, Mrs. Thom's amazing weekend assignment sounds like something all of us could benefit from"
61,"Step 1: At first, you’ll need to use the items in normal ways. Simply use the Lucky Egg to gain double XP for the next 30 minutes, or use the Incense to attract Pokemon towards your location Must read: Pokemon Go cheat: Get unlimited pokecoins Step 4: Once the automatic setting is turned off, roll back the time in the device by around 25 minutes."
62,peeing rinsing without soap 10 percent of people didn't wash their hands handwashing
63,Jussie Smollett
64,"If Mr. Trump can’t reunify Republican-leaning voters, Mrs. Clinton really could win in a landslide."" * TRUMP MAY COST GOP A GENERATION OF VOTERS: Trump is getting slaughtered among younger voters. * TRUMP WOULD PROBABLY SEND TROOPS TO MIDEAST: The New York Times makes a good point about Trump’s big foreign policy speech yesterday: Though Mr."
65,The takeaway here: Don't post pictures of your boarding pass on social media.
66,"(ANTIMEDIA) Wilmington, DE — As it turns out, Hillary Clinton and Donald Trump share something pertinent in common, after all — a tax haven cozily nested inside the United States. ""a magnet ... which individuals and corporations can use to evade an inestimable amount in federal and foreign taxes,"" As Rupert Neate explained for the Guardian, being registered in the tiny state allows ""companies to legally shift earnings from other states to Delaware, where they are not taxed on non-physical incomes generated outside of state."""
67,Kevin Hart
68,"Right now, an Amazon Prime subscription costs $99 per year ""The Sopranos,"" ""Six Feet Under,"" ""Deadwood"" and many other HBO classics will be made available to subscribers of Amazon Prime on May 21 If you have Amazon Prime, you officially no longer need your roommate's mom's neighbor's HBO Go password to finish your ""Sopranos"" binge-fest"
69,"$25,000 per month"
70,"The famously diligent test site ran the iPhone 7 through the durability tests and claims Apple has ditched its premium sapphire glass from both the new home button and the camera lens: The revelation comes after JerryRigEverything used hardness picks to determine the makeup of both surfaces on the Mohs’ scale of mineral hardness. Nasty Surprise #2: New Home Button, New Limitations The controversies around the new home button continue as well following a discovery by Myke Hurley, eagle eyed founder of RelayFM, who spotted the button only responds to capacitive touch not pressure. Apple iPhone 7 Plus Has A Great Secret Feature iPhone 7 Vs iPhone 7 Plus: What's The Difference? New Home Button, New Limitations Secondly you can setup AssistiveTouch the new home button"
71,Vermont University of Vermont
72,"Doors open based on who you know In the late 90s, these were physical doors rather than virtual ones, but the concept is the same. Dress for the job you want Like business culture, business dress was once straightforward. Take advantage of company-sponsored training opportunities The concept that employees should ""skill up"" to remain competitive has been around for several decades, and in the last years of the 20th century, companies had dollars to spend on tuition reimbursement and courses like Dale Carnegie. Dress for the job you want Take advantage of company-sponsored training opportunities Be respectful of others’ time"
73,1. Museum of Modern Art 4. The Whitney Museum of American Art 5. Musée du Louvre 3. Guggenheim 1. Museum of Modern Art 5. Musée du Louvre
74,"Vegan athletes do need to be diligent about consuming sufficient protein, said Nancy Clark, a sports nutrition expert in Massachusetts and the author of ""Nancy Clark’s Sports Nutrition Guidebook."" Plants, seeds and soy provide protein but in a form that is less absorbable than protein from meat. Vegan athletes, like the bodybuilder Kenneth Williams, below, also may require supplements of B12, a vitamin found only in meat, and possibly of calcium, she said, especially if they are young and growing."
75,"Bolivia's San Pedro 'tourist prison', 20 years on It is 20 years since Bolivia's chaotic San Pedro Prison became a tourist attraction, a place where backpackers stayed for weeks and partied with inmates. When Rusty Young and Thomas McFadden returned to the prison for their forthcoming documentary Wildlands, they happened upon one such tour group and snuck alongside them, incognito. There was a primary school for the prisoners' children, who they brought to live with them, and in the most notorious twist of all, there was an in-house cocaine factory."
76,"Recent observation by the Hubble Space Telescope, however, has revealed that Makemake is not as lonely as it once appeared: it has a moon. The ""dark moon hypothesis"" offered a simpler explanation: a charcoal-black moon orbiting Makemake. The New, Improved Makemake System While MK2 does create questions about the Makemake system and the Kuiper Belt, it will also provide answers."
77,"To name one, could Tokyo by the next blueprint for Rockstar’s series? London: It wouldn’t be new to the GTA series, but it would make more a welcome return. Tokyo London Chicago"
78,"The cosmetics company has revealed that they'll be teasing their collaboration on Snapchat, the photo- and video-sharing app that deletes photos mere seconds after a recipient views them Snapchat"
79,Mexico City
80,MS Dhoni M S Dhoni
81,"And when she paid for an MRI scan herself after doctors wouldn’t help her, she found that there was a 4 mm tumor in her brain. ""After I found out it was a tumor I was more relieved than anything. 4 mm tumor in her brain The tumor was on her pituitary gland her metabolism slowing down"
82,Ask your barber to scissor-cut the top of your head to about an inch and a half Asymmetrical faux hawks
83,"Julie Chen revealed on Wednesday that she had plastic surgery years ago to make her eyes look ""bigger"" and advance her career."
84,Meryl Streep's Shock Plans to Marry Co-star Robert Redford! 2. Vitamin C Meryl Streep credits Neuphoric Anti-Aging Cream for helping her look young.
85,"Try It Yourself While there are tons of great metcon classes out there to choose from, you don’t have to shell out tons of cash on a fancy gym membership to give this workout a try. Try this: 5 dumbbell goblet squats 10 jumping jacks 5 dumbbell push presses 5 medicine ball slams Rest for zero to 30 seconds rest between exercises, and zero to 60 seconds of rest between rounds."
86,Katy Perry
87,The Netherlands
88,"This Woman’s Response To People Who Shamed Her Engagement Photos Is Too Perfect Mzznaki Tetteh is a nurse from Accra, Ghana."
89,World War I is trench warfare DICE showed him a small demo of what it had in mind World War I
90,a piece of foam with a photo of the thing I wanted printed on it
91,"2. IT OVERPOWERS EVERYTHING IT TOUCHES. © Provided by Delish One of the most prominent ingredients in ketchup? Sugar. It's so cloyingly sweet that anything it gets near tastes like it-even when you wipe it off with a paper towel (trust me, I've tried). 3. THAT GLOPPY TEXTURE IS FOUL. 4. THE SMELL 2. IT OVERPOWERS EVERYTHING IT TOUCHES 4. THE SMELL 5. I CAN NEVER ESCAPE IT 2. IT OVERPOWERS EVERYTHING IT TOUCHES"
92,"Kat Cole Position: CEO of Cinnabon Unusual start: Hooters girl As a teenager, she wanted to be a corporate lawyer and needed to save for college. Richard Branson Position: Founder and Chairman, Virgin Group Unusual Start: Hit record producer Branson started a magazine when he was only 16, but really set off his career as an entrepreneur at 22 when he opened a recording studio and brought in singer Mike Oldfield. Take Jonathan Goldsmith, the actor who plays the ""Most Interesting Man in the World"" character in commercials for Dos Equis. Founder and Chairman Les Moonves Richard Branson"
93,"The 1937 Bugatti Type 57S was found in the garage, amid piles of medical machinery, 1,500 beer steins, thousands of receipts and even a World War II spy drone."
94,President Obama’s Kenyan half-brother wants to make America great again — so he’s voting for Donald Trump.
95,Peter Pilotto
96,"With the adoption of modern lifestyles, men, too are becoming infertile these days. Some of the reasons that doctors have stated for this problem is irregular working hours and work stress in the IT, media industry and BPOs."
97,"She loves eating, and she hates Trump!"
98,"But there’s a simple reason behind what seems like a gamble: Nebraska allocates its electoral college votes not in the usual winner-take-all method, but by congressional district. In those states, as well as in her Nebraska ad buy, Clinton has aired advertisements that tout her role in the creation of the Children’s Health Insurance Program in the 1990s."
99,"Introducing what he billed as an ""energy plan,"" Trump promised to ""cancel the Paris Climate Plan."" More important, with some reporters wondering what Trump’s actual views are on global climate change, he clarified them: He is utterly indifferent to its existence and would roll back the main things we’re currently putting in place to deal with it. As I’ve reported before, there are complexities that could make it harder than expected for a Republican president — even one as masterfully competent and strong as Trump — to roll back the Clean Power Plan and/or withdraw from the Paris climate deal."
100,1. Adventurous Christmas: Chile 2. Premium Christmas: Switzerland 3. Christmas in Santa's home: Finland 2. Premium Christmas: Switzerland 4. Christmas-at-sea: Genting Dream 3. Christmas in Santa's home: Finland
101,"""There are 2,000 products that are going to be shown to consumers and 130 announcements that are going to be made next week about experiences and games that no one has seen before,"" said Michael Gallagher, president and CEO of the Entertainment Software Association, which organizes E3. ___ FRESH FACES In this June 15, 2015 file photo, Phil Spencer, head of Microsoft's Xbox division and Microsoft Studios, opens the Xbox E3 2015 briefing ahead of the Electronic Entertainment Expo at the University of Southern California's Galen Center in Los Angeles. ___ LOCATION, Despite the prevalence of sequels, many publishers are touting a change of scenery at E3. SECOND WIND LOCATION, FRESH FACES"
102,"Study shows that most Thais spend majority of time doing nothing A new survey says that, not taking into account sleeping time, Thai people spend the majority of their waking hours being completely sedentary."
103,"Xbox One's Terraria Facing This ""Serious Issue"" A new update for the A new update for the Xbox One version of Terraria has caused a ""serious issue"" that makes the game's online multiplayer unplayable."
104,"Researchers from Ohio State University found that the best foods to banish garlic breath are raw apple and raw lettuce, the Huffington Post reports. Volunteers were asked to chew garlic cloves for 25 seconds before trying water; raw, juiced or heated apple; raw or heated lettuce; raw or juiced mint leaves; or green tea, immediately after."
105,"John Clark One man from Tampa, Florida, was out gardening on a seemingly normal day when he did not notice a wasp nest Hi wife went and grabbed John an ice pack"
106,fettuccine Alfredo pasta
107,"In a post which has since been made private, Dion shared an image of herself strapped up to her heart monitoring machine, which she has to wear for 24 hours a day."
108,"After Barely Recognizing Herself In A Family Photo, Delores Curtis Lost 181 Pounds Name: Delores Curtis Age: 59 Height: 5'5"" Before Weight: 350 pounds How I Gained It: Eating what I wanted and as much as I wanted and having no desire to exercise. I looked at every diet plan I'd ever been on and came up with a lifestyle plan that would that fit my daily routine and give me long-term results. I make my own snacks, like roasted pumpkin and sunflower seeds, almonds, pistachios, cashews and roasted chickpeas. I lost 20 pounds in 30 days and started going to the gym Height: 5'5"" Delores Curtis Eating what I wanted and as much as I wanted and having no desire to exercise"
109,"WA bushfire contained after lives, homes threatened in Gwindinup, south-east of Bunbury Fire authorities in Western Australia say no properties were lost during a bushfire around the town of Gwindinup south-east of Bunbury, which has now been contained. ""[We] can't smell smoke or anything at the moment, it's blowing in the other direction and there's no ash or anything like that."""
110,"3.) Auditing 2.) There was really no ""savior barbie"" complex in the GiveDirectly operation — no one is coming in from wealthy nations and telling anyone else how to live their own lives and what’s best for them, and no one here is swooping in from some rich country on a self-serving mission ‘save the world.’ 3.) Auditing ""I bet most people waste or squander the cash."""
111,"""The logic of the drugs war only leads one way: the police get smarter, so the criminals get nastier; things can only ever go from bad to worse, from savagery to savagery,"" says Woods. Most officers were anti-drugs and fully supported prohibition. ""If the NCA stopped targeting drug gangs, it would change nothing,"" he explained. ""Law enforcement against drugs is completely ineffective and has been since the Misuse of Drugs Act came into force in 1971,"" ""If the NCA stopped targeting drug gangs, it would change nothing,"""
112,"Seagulls are what biologists called kleptoparasites , animals that rob the food of other species. Birds that are kleptoparasites tend to have bigger brains than birds that live the straight and narrow. For it to be considered kleptoparasitism, the biologist Erika Iyengar explains , the parasite has to steal food from the host, and the host has to suffer as consequence"
113,title page
114,Shamus Beaglehole
115,"After getting my DNA report I learned that there are a number of genealogy sites, educational institutions and companies that are willing to offer you further insight into what your DNA may reveal, as long as you’re willing to upload your DNA profile to them familial DNA"" search"
116,Wolverampton
117,igloo
118,"I n the Superman comics there is a character called Bizarro, a twisted, villainous inversion of the iconic hero. The film is shot and cut with a near-maddening degree of patience, its soundtrack almost noiseless for long spells, and it resorts to eye-catching CGI not once. While today’s superhero movies aim for excitement via loud action and bloated narratives, Unbreakable is deadly quiet, only lightly dusted with plot and told with an everyday realism that verges on mundanity. Bizarro Unbreakable is deadly quiet, only lightly dusted with plot and told with an everyday realism that verges on mundanity Samuel L Jackson’s villain"
119,"Here's a round-up of where to snag free, discounted and specialty burgers: Receive a free burger (up to $10 value) with the purchase of an adult entree on Sunday at Ruby Tuesday (RT) . BurgerFi is selling $5 cheeseburgers on Sunday, which come with two beef patties, two slices of cheese, lettuce, tomato and BurgerFi sauce. BurgerFi Ruby Tuesday Black Angus Steakhouse"
120,"Last week, yields on all of its government bonds, out to 50 years, turned negative. All of which is to say: Today's sub-zero bond yields are a sign of how deeply pessimistic investors have become about both the near and somewhat distant future."
121,Towels
122,J. Crew
123,"While the idea of a Universal Basic Income (UBI) is not necessarily a new one, Andy Stern believes his plan is important now because of ""tectonic shifts"" in the labor market that will see more and more workers replaced by robots. Yet Stern, who is a senior fellow at Columbia University and author of ""Raising the Floor,"" argues the debate is being shifted by concerns about the rise of artificial intelligence and the displacement of workers."
124,Don explained that the lack of parents in the films is just an easy way to allow the main characters to grow up.
125,"Donald Trump made an appearance in an explicit 2000 Playboy video. Trump’s role in the porn is relatively benign and centers around him breaking a bottle of champagne on a Playboy-branded limo ""Beauty is beauty, and let’s see what happens with New York,"" Trump says."
126,"According to a question and answer on Quora, the extra pocket was for a watch."
127,"""When we got closer we realized it had to be a dead whale because of the smell,"" he told the West Australian. It looked like a few sharks had turned up and taken a few bites out of the ex-whale, which had caused its gastrointestinal gas and fluids to flood out into the Indian Ocean."
128,"""Destiny"""
129,"Speaking after Microsoft’s Build 2016 keynote address, Xbox head Phil Spencer told Gamespot he doesn’t believe in the piece by piece upgrading of systems, and you won’t be seeing that with the Xbox One."
130,"The warehouse retailer’s 16-year partnership with has expired, and as of June 20 members who had Costco AmEx cards should switch over to the new Costco Visa Anywhere card. For instance, the Chase Freedom Visa card is offering an outstanding 5% cash back on purchases at warehouse clubs such as Costco, BJ’s, and Sam’s Club."
131,"But, as he explains in the YouTube video above, online gaming eventually gave him a sense of purpose. According to an interview with CTV News, one of his viewers recently wrote him a letter, saying, ""I was about to shoot myself."" online gaming he was introduced to the Jouse one of his viewers recently wrote him a letter, saying, ""I was about to shoot myself."""
132,"No, he did not become a model. He became the world's first professional Kim Jong Un impersonator"
133,"""Only 1 participant out of 85 correctly recalled the Apple logo, and fewer than half of all participants correctly identified the logo,"" the researchers wrote."
134,Ryan Bundy Ammon Bundy lack of Internet access
135,frostbite frostbitten fingers
136,"Jennifer Lawrence is being cast as Mulan in a Disney reboot. The rumor was released by a fake (FAKE, PEOPLE!) @Unreel_News . It also followed with a ""breaking update"" that Hollywood’s sugar boy Zac Effron will be joining Lawrence ""in the live-action Mulan remake as Li Shang!"" Even more worrying is the fact that bogus news like such are highly believable – and why wouldn’t they be when we’ve had white actors play everything from Asian to Black characters."
137,"Christine ""Tink"" Newman, 24, was unconscious and hypothermic when she was found on the morning of April 1 in Garibaldi Park near Whistler, reported Pique Newsmagazine. Tink Newman, an SFU student and former skeleton athlete, received four continuous hours of CPR after being pulled from a tree well. Christine ""Tink"" Newman Tink Newman A snowshoer"
138,"After being asked what guests do to get under their skin, hotel workers made some very candid confessions, involving used condoms being discarded under beds and women flashing the porter instead of giving a tip. People complaining about the slightest thing to get a discount used condoms being discarded under beds and women flashing the porter instead of giving a tip parents forgetting to collect their children from the kids club because they were drunk"
139,Bad language...ill thoughts...rude ideas...negative radical views...I don’t need
140,José José
141,$1.1 trillion $634 billion
142,"The unemployment rate in November fell to 4.6 percent The International Union for Conservation of Nature, a leading environmental group, said in a report this fall that the giant panda is now classified as a ""vulnerable"" species, rather than ""endangered."" Several women of color made political history last month when they were elected to prominent leadership positions within their respective states. The unemployment rate in November fell to 4.6 percent Several women of color made political history last month when they were elected to prominent leadership positions within their respective states President Obama made history in March when he became the first U.S. leader to visit Cuba"
143,"Changes we are seeing include smaller brains (more efficient, not dumber), resistance to diseases, increases in ADHD and blue eyes. Darwin's theory of natural selection evolves. Another example is the gene for lactose tolerance."
144,"In A Rare Move, Supreme Court Allows 24-Week Pregnant Woman To Abort Coming to rescue to a 24-week pregnant woman facing danger to her life due to an abnormality in the foetus, the Supreme Court on Monday granted her permission to terminate her pregnancy. The foetus is not compatible with living outside the uterus. In other words, the foetus would not be able to survive The court had allowed her to abort on the basis of a medical report from KEM hospital which said that foetus had serious abnormalities with slim chances of surviving the full term."
145,"The polling average has become the go-to number for those trying to make quick sense of the state of the presidential race. 0.2 percentage points Democratic victories in highly populous states, which have more electoral votes to award, could cause the performance of the Democratic candidate in the electoral college to outstrip her or his performance in the popular vote."
146,"Whale Ear Wax Reveals Animal's Exposure To Stress & Toxins, Scientists Say Wax inside a whale’s ear stores all sorts of useful information on the animal’s exposure to pollutants and stress levels throughout life, researchers have found. Whale earwax is a fat-rich deposit that stores the same chemical data as blubber. The research is ""exciting"", says Jeremy Goldbogen, a marine biologist at Cascadia Research Collective in Olympia, Washington, but ""the inability to distinguish baseline stress levels from those associated with anthropogenic disturbances is a limitation of the study."""
147,"According to this report in the TOI, the temple officials decided to replace all the larger vessels with those of smaller sizes. Also See Download our Android App And Stay Up-To-Date The report says that at the start of the summer season – when water scarcity is particularly severe – the temple bought two dozen small vessels."
148,"""No,"" she apparently replied, before pointing at the policeman and adding: ""But he has."""
149,"Sunday, May 8"
150,"Yes, Daniel Radcliffe is no longer Harry Potter -- as a recent New York Times Magazine profile deftly illustrated -- but what's interesting about Radcliffe (great, even) is that he's not anti-Harry Potter. She doesn't need the money. ""The Woman in Black"" felt like its narrative was basically, ""Here's Daniel Radcliffe's first post-Potter role,"" and now, with these, people have moved on."
151,The Rock
152,Jackson Vroman
153,2. The Road to Serfdom by F.A. Hayek 3. The Closing of the American Mind by Allan Bloom 5. Capitalism and Freedom by Milton Friedman 4. A Choice Not an Echo by Phyllis Schlafly 1. Ideas Have Consequences
154,Researchers from the Massachusetts Institute of Technology (MIT) have developed a prototype imaging system that’s able to read pages of a book without opening it.
155,"Katherine Heigl's Difficult Behavior Is 'Not Worth It,' According To Hollywood Insiders Katherine Heigl's behavior on set has become notoriously difficult, and a scathing article by Kim Masters for The Hollywood Reporter rounded up a number of industry insiders who are getting fed up with the star once known fondly as Dr. It's about the mouth. 'F--- you. You are a f---ing liar.'"
156,"Tart Cherries and Tart Cherry Juice As the name indicates, tart cherries have a distinct flavor from sweet cherries. Kiwi The kiwi or kiwifruit is a small, oval-shaped fruit popularly associated with New Zealand even though it is grown in numerous countries. Malted Milk and Nighttime Milk Malted milk is made by combining milk and a specially formulated powder that contains primarily wheat flour, malted wheat, and malted barley along with sugar and an assortment of vitamins. Fatty Fish Tart Cherries and Tart Cherry Juice Kiwi"
157,Penn Jillette
158,"Stop using a heavy coverage foundation: Rupert Kingston, co-founder of Delilah Cosmetics, explains that high coverage foundations can really accentuate fine lines and wrinkles. Avoid nude lipsticks: Rupert believes this hue can make you look sallow and drained and women should choose colours with a fresher coral or peach undertone. Apply under-eye cream correctly: Eva Alexandrides, managing director and co-founder of 111Skin, explains that the skin underneath the eye is a different structure to the rest of the face and thus is a lot more sensitive. Stay away from pressed powders Avoid nude lipsticks Don't skip the moisturiser"
159,Taran Killam and Jay Pharoah are departing NBC's 'Saturday Night Live.' NBC’s Saturday Night Live is dropping two longtime cast members as it readies its 42nd season. Jay Pharoah and Taran Killam
160,"Idaho Washington, D.C"
161,"Studies are showing that readers of fiction are more empathetic towards others. Through their research, they found that readers of literary fiction receive more of the empathetic benefits of reading than those who read pop-fiction or non-fiction. The conclusion of the study was that children who identified with Harry as a character reacted to his sympathy for marginalized groups (such as ""mudbloods"") by becoming more sympathetic towards similar groups in contemporary society (such as the LGBT and immigrant communities)."
162,"It was especially hard for Katrina Henry, the woman who was captured in the viral video — and now she’s speaking out about it. CBS 58 Though it’s difficult to watch, Henry says the video forces her to finally admit that she’s an addict."
163,"The tweet, which I’ll paraphrase, said that people who listen to rappers like Kodak Black, Migos, Young Thug, Future, Fetty Wap, and Lil Yachty are people who subsequently have low IQs. by @PaulDickerson18 So the other day, I was scrolling through my timeline and came across a tweet commenting on some of the trendier rappers in hip hop right now. Therefore, it doesn’t matter if someone’s favorite rapper is Kodak Black or Kendrick Lamar—it doesn’t in any way reflect someone’s intelligence."
164,77
165,"synaptic pruning."" when we sleep When the microglial cells detect that mark, they bond to the protein and destroy–or prune–the synapse"
166,"And his numbers have been borne out: The Olympic committee has since reallocated 11 Russian medals from the London games. If the IOC does ban Russia, that’s enough medals to throw any Olympic predictions seriously out of whack."
167,Mother bus pork joint looks like something quite different Nicole Hillman was highly amused by her piece of pork (Picture: Caters) A hungry mum-of-one got a shock when the pork loin she defrosted looked just like a penis.
168,1. Don't touch her bump 2. Don't ask if she has chosen a name 3. Don't look shocked when you hear she's pregnant 1. Don't touch her bump 4. Don't tell her she's getting bigger (and bigger) 5. Don't tell her she's not big enough
169,"being a single mom to daughter Jessica ""It’s investment in single parent employment that will allow single parents to work their own way out of poverty and secure real savings from the welfare bill,"""
170,"$765,759"
171,"Keeping Legal Drinking Age At 21 Saves 900 Lives Yearly: Study Laws that maintain the legal drinking age at 21 save lives on the road, and protect young people from other hazards of drinking, according to a new review of studies. In fact, the age 21 laws have saved up to 900 lives yearly on the road, according to estimates from the National Highway Transportation Safety Administration. Instead of lowering drinking age, there should be in fact stricter enforcement of the law, they said."
172,Oregon
173,"Almost every space pops with color. From the moment you walk in, you're greeted with a bright multi-colored chevron rug"
174,ambassadorial capacity
175,"""Dumb and Dumber To"" Fraida Felcher The sequel finds Lloyd (Carrey) and Harry (Daniels) embarking on a road trip to find Harry's long-lost daughter"
176,"While it’s heartbreaking to realize what this mother must be going through, she somehow had the clarity of mind to write a thoughtful post about never taking things for granted and helping spread awareness of children’s cancer."
177,"What happened to CS:GO skin prices after Valve's gambling ban On Wednesday Valve announced it would begin sending requests to cease operations to gambling websites that use Steam’s trading system. Not much. Although there isn’t an index number that reflects the value of the CS:GO item market as a whole, sales data for individual weapons tend to show an initial reaction to the news, followed by normalization. Valve’s announcement went out via email just before 1 PM Pacific on June 13. I sampled a set of 20 arbitrary, higher-volume skins on the market, and found that they fell an average of 13.7% dropped from $21.75 to $18.56 Valve announced it would begin sending requests to cease operations to gambling websites that use Steam’s trading system Not much"
178,1 tablespoon cardamom pods 2 1⁄2 tablespoons tahini 1⁄2 teaspoon cardamom powder winter squash
179,Greg Puciato
180,strawberry rhubarb
181,paper bag
182,"Don't sprout nonsense It is the age-old method for cooking Brussels sprouts, handed down the generations and put into practice at least once a year. Brussels on pizza?"
183,Sephora Instant Moisturizer
184,Jimmy Smits Jimmy Smits as Bail Organa
185,"A writer at TechRadar remains quite skeptical about the possibility of Linux someday becoming the top gaming operating system for PCs. There’s a clear winner here, and unless Linux rectifies its performance disparity, lack of natively supported control options and impoverished game library, the OS to beat for PC gaming will remain Windows 10. Linus Torvalds releases Linux kernel 4.6"
186,"2. Have a relaxed, easy-going smile It’s a playbook we never signed up for and it’s only a game if both teams actually know they’re playing. However, if a woman wearing headphones is single and hoping to meet a boyfriend (or even a new lover), she will almost always be happy to take off her headphones to give you an opportunity to create a spark with her."""
187,The highly controversial singer has been involved in a number of incidents but his most recent antics have to be among the most childish – rejecting a fans’s gift and calling it ‘shit’.
188,5. Beyond Good & Evil 2 3. Final Fantasy XV 2. The Last Guardian 1. Half-Life 3 Final Fantasy XV 4. Kingdom Hearts 3
189,and thrust his rather-deadly gun complete with rather-pointy bayonet in his face.
190,The girl was playing hide-and-seek played outside with her friends Saturday ran away to a running minivan
191,Laura Bush
192,Michael Brain He posed online as a former Royal Marine and preyed on women who had suffered bereavement or domestic abuse by telling his own made-up ‘sob stories’ cash card Casanova
193,cooked tomatoes pizza
194,"Undeterred by the handsy fan, JT managed to swat away the woman -- while still keeping rhythm. He laughed off the situation and admitted that the fan’s ploy technically worked."
195,"anything but straightforward. Here, we explore this hotly contested issue. What the heck does organic mean anyway? Organic produce, according to the USDA, must be grown without synthetic pesticides, synthetic fertilizers or genetically modified organisms 4. Keep an eye out for sales and coupons. Sites like All Natural Savings and Organic Deals can help customers surface organic food deals. 5. Grow your own food. 2. Buy in season"
196,"Colorado Is The Most Magical State In America There's a reason ""Rocky Mountain High"" is one of Colorado's official state songs. 5. You can rock out surrounded by rocks at Red Rocks Amphitheater You can rock out surrounded by rocks at Red Rocks Amphitheater. Colorado Denver 5. You can rock out surrounded by rocks at Red Rocks Amphitheater"
197,"Claims, which count the number of people who applied for unemployment insurance for the first time since the past week, fell to 234,000."
198,"The Danish company scaled back its advertising efforts amid a 25 per cent rise in annual sales, according to Reuters. It simply couldn't make enough toys to satiate demand in North America ""We feel we need to invest, to build some breathing space,"" Lego's finance chief John Goodwin explained. The company's revenue has increased by an average of 15 per cent a year in the past 12 years, according to Reuters."
199,"I’m not killing off Harrison [Ford] at the end of it."""
200,An e-Passport contains an electronic chip.
201,1. The action’s going to pick back up in Fall of 1984. So plan accordingly by getting all your friends the correct walkie talkies to discuss the finer points of Steve’s hair. It will be a continuation of the first season’s story 3. Expect four brand new characters 5. Good old monster-infested Hawkins won’t be the only location. 3. Expect four brand new characters 1. The action’s going to pick back up in Fall of 1984. 5. Good old monster-infested Hawkins won’t be the only location
202,"John Slattery is comfortable with a drink in his hand. Sitting on a leather couch in Park City, Utah with a Bloody Mary by his side, Slattery talks less about the ad men of the 1960s and more about the first film that he directed, ""God’s Pocket,"" It’s very visual, which appealed to me. Another example of directors starring in movies is here at Sundance –- Zach Braff’s new film ""Wish I Was Here."" Zach Braff John Slattery Ben Affleck"
203,stacks upon stacks of bills
204,"he slowed his vehicle in a tree-covered section of the road. As the Honda Accord kept moving, he climbed almost imperceptibly out of the driver’s window His slick move was visible only in slow-motion replays — appearing as a shadow across the driver’s door of the white vehicle."
205,"The accused, identified as Tulsiram Manere was held last night, Inspector S V Jadhav of Nizampura police station said."
206,Ailish Sheehan
207,Step 3: Reward yourself Step 2: Reflect often
208,Chicago
209,sexual objectification being a sex object is empowering
210,When the information obtained is of vital public interest When the harm prevented outweighs any harm caused Companies' interest in protecting trade secrets has turned into a tool for shutting down public scrutiny.
211,french fry
212,"Some 336 meters into the cave, the caver stumbled across something extraordinary—a vast chamber where several stalagmites had been deliberately broken. Traces of fire were everywhere, and there was a mass of burnt bones. The structures weren’t foundations for huts; the chamber contains no stone tools, human bones, or any other sign of permanent occupation, and besides, why build shelter inside a cave? ""A plausible explanation is that this was a meeting place for some type of ritual social behavior"
213,"This Woman Crashed Her Car, The Reason Why Is Pretty Ridiculous According to Gomez, the reason why she crashed her car, whilst travelling from Cali to the city of Pereira, was because she got distracted by her own ‘erotic thoughts.’"
214,"Sarah Gailey serves as a shining example of why men should always listen to their girlfriends. The Ped Egg, for the uninitiated, is a little egg-shaped device. I was laughing so hard that I was in very real danger of peeing myself and the only word I managed to choke out was ""feet"""
215,"Frankly, they'd be lucky to win a game. Not being beaten in every single aspect of the game, as LeBron James said in his postgame press conference — 50-50 balls. Not being beaten in every single aspect of the game, as LeBron James said in his postgame press conference — 50-50 balls. The Cavaliers are in the deepest 2-0 hole in NBA Finals history — the Warriors' 48-point differential is the largest ever through two games — and it has almost nothing to do with 50-50 balls. It has to do with the Warriors' elite defense"
216,"Manhattan Eatsa Eatsa Instead of the usual face-to-face ordering and pickup, customers at Eatsa simply order their food by means of in-store kiosks, online or through an app on their phones"
217,"$449,326,618 Ant-Man - $518,585,201 $1,518,594,910 $585,174,222 $1,518,594,910 $10,527,843,932"
218,"cell phone 1-999-367-3767, you’re automatically connected to ""Black Cellphones"
219,colleges colleges and universities federal government
220,"Jerusalem Truck Terrorist’s Sister: We’re Thankful To Allah For His ‘Saintly’ Death TEL AVIV – The sister of a Palestinian terrorist who plowed his truck into a group of soldiers in Jerusalem on Sunday, killing four and wounding 16, said the family was ""thankful"" for his ""most beautiful martyrdom."" At least nine people have been arrested in connection with the attack, mostly members of the Qanbar family."
221,"Ben Affleck and Jennifer Garner, will or won’t they divorce? The friend also said that Jen doesn’t mind that the divorce hasn’t been finalized, but she still intends on going through with it. ET also noted since their split, the two have established a co-parenting routine with ben remaining close to Jen and the kids."
222,Short-term measures High kill rate Taiwan has two main problems when it comes to animal welfare: the number of pets being abandoned and the number of strays allowed to reproduce Chien Chih-cheng
223,"Police arrested four women in North Carolina for allegedly spraying anti-Trump, anti-police, and ""Black Lives Matter"" graffiti on several businesses and a police car."
224,Emily Gardner Clive Gardner Emily sent a message to her dad with a wave and sleeping face emoji
225,Menelik Watson
226,"""Feeling This,"" 'I Miss You'"
227,"She is eating lots of lean proteins, healthy fats like nuts and avocado, carbs, fruits, veggies and cheese black spandex pants"
228,Ana. Ana
229,"""I'm not the one who threw somebody through a window. I never spit on a kid. I never had unpaid debt in Las Vegas,"" ""Some of the stuff he said about me is correct -- doesn't make the message I said about him incorrect,"" Barkley said. ""Inappropriate. Whiny. All of the above,"""
230,"built personalized crosses for each victim and then proceeded to drive 1,200 miles to Orlando Health Medical Center The Pulse shooter was transported separately from the scene the local coroner’s office just did their own act of support"
231,"Korean pear juice is the most effective, and that the most significant impact it has seen is helping subjects' under the influence increase their concentration levels. The study, conducted by Professor Manny Noakes, revealed that the enzymes that come with alcohol metabolism can be effected by the consumption of pears"
232,Blake McIver
233,"it is now legal to hunt for catfish with pitchforks or spears. Spearfishing has always been legal in many place, but until now, it depended on the type of fish the fisherman was hunting, according to Kerry Picket of the Daily Caller. Farther west in Oregon, the state legislature banned the use of 'sky lanterns In Pennsylvania, beer customers are now able to purchase six-packs at local grocery stores, and are able to purchase beverages in any quantity from a beer distributor As of Sunday in Illinois, it is now legal to hunt for catfish with pitchforks or spears"
234,"While on a trip to China in June last year, Paul Li received tragic news that his 18-year-old son was one of the victims in a fatal high-speed car wreck. ""Son, you go back to study. You’re not going to be a football player. You are Chinese."" Calvin associated with few other Asian students in his social circle and while he maintained good grades, his passion wasn’t academics. Li struggled to understand his son’s avoidance of his cultural heritage and desire to adopt an all-American attitude growing up"
235,4. Justin Bieber 9. Katy Perry 3. Kim Kardashian 2. Drake 4. Justin Bieber
236,"Instead of panicking, the songstress stopped the band and laughed off her mistake declaring: ""S***, wrong words!"""
237,Caitlyn Cannon Kellie Maloney Elton John
238,", really wanted for Christmas was on the floor -- in the form of a great big belly rub."
239,"Aaron Sorkin’s popular HBO series will be skewered through parody on tonight’s episode of ""Inside Amy Schumer."""
240,"A right triangle has a hypotenuse equal to 10 and an altitude to the hypotenuse equal to 6. Find the area of the triangle."" Well, rather deviously, a triangle with those measurements can’t exist."
241,"negotiations with the European Union over the country’s exit will require the engagement of the Scottish, Welsh and Northern Ireland governments. But the vote has exposed polarization Brexit’ Vote Mean for Northern Ireland, Scotland and Wales"
242,"create a personal vision for your life 50% more likely to exceed expectations than their least engaged counterparts finding your purpose is a proactive pursuit. Many people start to explore their feelings when they’re unhappy, dissatisfied with their job and/or upset with their personal life. But it is important to find time to reflect when you find yourself in a good place, too. When you’re experiencing fulfillment and joy in your work or in your personal life, take a moment to ask yourself, ""What am I doing right now that is making me fulfilled?"""
243,"Right in that moment of self-pity, he saw a 60-year-old woman sitting alone in her car reading a book. He might not have wings, but he’s got a big heart!"
244,"But a new theory has awakened: that Rey is in fact Emperor Palpatine's granddaughter. That's because Rey is already struggling with the pull of the dark side. While every fledgling Jedi struggles between the pull of light and dark, there are moments during The Force Awakens that point to Rey being tempted to the dark. In the film's script, it describes Rey as ""standing on the edge of the dark side"". But when expanded out, Rey is placed toward the dark side, hanging with Kylo Ren, her staff aligned with his lightsaber to almost seem as if they're one."
245,Lisa Brown
246,"With the reported $115 million raised from the Ice Bucket Challenge, the ALS Association funded six research projects, one of which recently published its findings: identification of a new gene that contributes to the disease."
247,"They are located in a place where two bones connect the pelvis, and can be found only in people who have this genetic predisposition. The ""Venus Holes"" are a sign of good circulation and a healthy body They are located in a place where two bones connect the pelvis to be proud of your genetic predisposition for good circulation and health"
248,"Athletes say they are using it to ease aches and pains, and to help with recovery from the physical toil of constant training and competing. The British Acupuncture Council (BAcC) says cupping is not painful, and the red marks left on the skin are caused by blood being drawn to the surface and small capillaries rupturing. The practice has long proved popular among A-listers in search of the next best therapy."
249,"Thousands of angry demonstrators have poured onto the streets, protesting against both the local electricity company and the Hamas-run Gaza power authority, demanding an immediate solution."
250,"It depends on how you define ""sleep,"" but trees do relax their branches at night, which might be a sign of snoozing, scientists said. Trees might sleep after dark, according to precise laser measurements that detected the plants' branches drooping at night. Credit: Eetu Puttonen ""Our results show that the whole tree droops during night Most living organisms have day and night circadian rhythms, and any gardener will notice that some plants open their flowers in the morning and that some trees close their leaves at night, the researchers said."
251,"""there will always be exceptions."" ""I was happy to see that,"" London's Muslim Mayor"
252,Phoenix New York City Berlin
253,"They've become a legend on their own, and out of reach. And just like clockwork, a queue forms every day at mid-afternoon for these hockey pucks from heaven For the price, these crinkles are huge—each one is three inches in diameter and half an inch thick, with considerable heft to it. I'd go through ADB's airport-level security just to have it over and over again."
254,"In a nutshell: breathe in for four, hold for seven, and breathe out for eight. Fight or Flight or... Sleep? Here is how you do the exercise: Place the tip of your tongue against the tissue ridge right above your upper front teeth."
255,A retired police officer who carried a young girl to safety nearly 20 years ago was reunited with her during her college graduation
256,But most of us who have used the disposable ones are familiar with that little tab at the end of the chopsticks. The tab needs to be separated from the chopsticks and then it doubles up as a chopsticks holder.
257,"Egg cartons and plastic ice cube trays make great organizational tools for jewelry, cuff links and other trinkets, and they'll easily fit inside your drawer."
258,"An investigation found that Baylor University had mishandled sexual assault accusations against its football players. While members of sports teams — and other male-dominated groups like fraternities and the military — are indeed more likely to commit gang rapes than the average person, there are few conclusive studies to show that athletes are more likely to commit sex crimes. But are athletes actually more likely to commit sexual assaults, or are we just more likely to pay attention when they’re the ones accused of committing the crime?"
259,"The way you can do it is by losing weight."" Another way to look bigger: Trim your pubic hair. Obviously erectile dysfunction meds like Viagra and Cialis are the most common."
260,China and Russia Abortion Freedom of speech
261,Watermelon seeds are packed with nutrients that are beneficial and healthy for you. It has been known to help reduce inflammation.
262,Ben Bernanke Bernanke
263,Comedy Central has found its replacement for Larry Wilmore's Nightly Show Jordan Klepper His untitled Daily Show companion series
264,Are You Protected When You Use The Internet? Online ID protection 3 click step
265,The endocannabinoid system Sleep deprivation and obesity salty and sweet treats
266,Feb. 24
267,"In very small amounts (say, a few teaspoons), and if the blood is free from pathogens (such as the many blood-borne diseases), blood might not harm you. Beyond that, watch out. [Circulatory System: Facts, Function & Diseases] The strange fact is, blood, when drank, is toxic [7 Strange Ways that People Act Like Vampires] Because blood is so rich in iron — and because the body has difficulty excreting excess iron — any animal that consumes blood regularly runs a risk of iron overdose. Because humans did not evolve such an iron-extracting mechanism, drinking blood can kill us."
268,handling their money and talking about it with their partners
269,polymyalgia rheumatica
270,Top of 1st: Fowler Crushes One This game is headed to extra innings. Bottom of 2nd: Hendricks Helps Himself
271,Rule No. 1: Don’t Rule No. 2: Scope Out Your Next Pokéstop Before Going There Don’t! Just don’t
272,Did you realize the standard Starbucks lid was designed to be used as a drink coaster?
273,Make a Contribution Buying a pet
274,"When Damon asked Prince if he still lived in Minnesota, Prince replied in the most Prince-like fashion imaginable: ""I live inside my own heart, Matt Damon."""
275,"That's because Scarlett Johansson -- who co-stars with Joaquin Phoenix in the film, but doesn't appear onscreen -- gives such a remarkable performance that she could wind up with an historic Academy Award nomination for Best Supporting Actress. ""It's Johansson who pulls off the trickiest feat: She creates a complex, full-bodied character without any body at all. ""Her"" is out in theaters on Dec."
276,"Every blue-eyed person on the planet is descended from a single European who lived around 6,000 to 10,000 years ago, and who first developed a specific mutation that accounts for the now widespread iris coloration a mutation to a separate, nearby gene called HERC2 has been identified as the cause of blue eyes. This alteration switches off OCA2, the gene that determines the amount of the brown pigment melanin that we make. It is thought to have first occurred when humans began to migrate from Africa to Europe, meaning that every person with blue eyes is a descendent of a single early European"
277,"A mother hears her dead son's heart beat Dawn Grace lost her son four years ago, and now she meets the man who received his heart in a transplant."
278,"It will change your life because you will be received so much differently,"" she says. ""People's eyes are naturally drawn to light, and naturally drawn away from darkness."" Brunette To Blonde Double Process Color Experience"
279,"THE MUSIC Aside from the national anthem at the beginning of most sporting events, no piece of music is so deeply associated with a specific moment in sports. (Photo by Mark Rucker/Transcendental Graphics, Getty Images) THE CAMARADERIE Dave Ferguson, a baseball enthusiast and the radio host of ""Beyond the Cheers,"" believes that no matter which origin story you prefer, the seventh inning stretch remains as integral to the game as anything. THE RELIEF Baseball is physically and mentally grueling. THE RELIEF The seventh inning stretch seventh inning stretch"
280,"New research was presented at the 249th National Meeting & Exposition of the American Chemical Society, and revealed that adding a teaspoon of coconut oil to boiling water with a half-cup of non-fortified white rice, letting it simmer for 20 to 40 minutes, then refrigerating it for 12 hours may reduce the number of calories your body takes in by 50 to 60 percent."
281,"3. When cats rub their head against you, they’re marking you as one of their own with the concentrated scent glands in their cheeks and head If you can get your cat purring, it means that they’re very happy with you and with what you’re doing. Your cat’s tail is a strong indicator of their mood. 3. When cats rub their head against you, they’re marking you as one of their own with the concentrated scent glands in their cheeks and head 6. Your cat’s tail is a strong indicator of their mood 8. Much like with head-butting, cats will run between your legs to mark you with their scent"
282,One example is the spy camera. #3. The video camera can be set to manual or motion-activated recording. This small tech is affordable to buy. You can find these creepy cameras for as low as $20 online. #4. No one would ever suspect this coat hook is actually hiding a camera
283,"Casa Elizabeth, the Palm Springs villa once owned by Elizabeth Taylor, is now available for rent by model-turned-mogul Kathy Ireland. (Photo courtesy of Kathy Ireland Weddings and Resorts) So when you're Oprah Winfrey and you're the richest female celebrity in America and you have a net worth of $2. Among her many business ventures, Ireland rents out a group of homes, so anyone can vacation just like the supermodel herself. Beyond The Top 20 Nora Roberts: net worth $350 million Judge Judy: net worth $330 million"
284,Filling A Void Where Opportunity Knox
285,racial profiling
286,"Men, however, just reach behind their neck and yank their shirt off, much less gracefully."
287,"But as of Sunday’s finale, the Stark sigil was back in its rightful place. Instead of a gray direwolf on a white background, it’s now a white wolf on a gray background."
288,lime green
289,Aaron Judge Nelson Cruz Judge
290,"The 20 cities with the lowest cost of living The city with the lowest relative cost of living in the world is Thiruvananthapuram, India. Only two other nations are represented in the bottom 20: Ukraine and Egypt. Hamilton, Bermuda, with an index of 141.59, 10 points higher than the second-most expensive city on the list, Geneva, Switzerland Thiruvananthapuram Ukraine and Egypt 445. Chandigarh, India: 25.93 446"
291,Chocolate pizza
292,"2. Nicaragua 3. Thailand © Ingolf Pompe/LOOK-foto/Getty Images If you're looking for somewhere a little more exotic, it doesn't get much better than Thailand. savings account. Bangkok is one of Thailand’s pricier cities, but even so, it's still 50%–60% cheaper than Chicago, New York or Boston. 4. Belize 5. Panama 6. Costa Rica 3. Thailand 1. Ecuador"
293,"Experts still don’t fully understand why not getting enough sleep is connected to all of these conditions, but new research published this month adds one piece to the puzzle: Not getting enough sleep may cause changes to gut bacteria that could fundamentally change our metabolism, affecting a host of bodily systems. getting less sleep did change the levels of specific strains of bacteria. The amount of certain types of bacteria decreased by nearly 50 percent Sleep loss has been linked to decreased insulin sensitivity in previous studies, Cedernaes said."
294,"Well, that’s still up for interpretation, but one thing is clear: There were many plot twists and updates that gave the newly released ""Beauty and Beast"" a completely different feel from the original. Unlike in the original, the new Beast is highly educated, boasting about his expensive education while quoting Shakespeare and critiquing Belle’s admiration for ""Romeo and Juliet."" In the remake, Belle (Emma Watson) is more than a bold, beautiful bookworm and devoted daughter -- she’s also a teacher and inventor. Not cool, Gaston (Luke Evans). highly educated She held this impromptu lesson while doing her laundry."
295,acoustic version Acoustic Take On 'Adore You'
296,"morality Simply telling someone their attitude was moral Framing a cause as ""moral"""
297,"Turning monsters into metaphors for teenage emotional turmoil was a clever gambit, and one that played particularly well during the show""s three seasons set in high school. If anything, the exaggerated nature of the various undead villains only made the high school setting more effective, because what is adolescence if not a time when every problem gets blown wildly out of proportion? TV show titles rarely bring viewers into the tent, but they can keep them out."
298,"Mr Burger The company wants you to change your last name to ""burger."""
299,"Hot dogs are probably the most popular fast-food ever, as they have over 7 billion consumers in the world. Hot dogs Foods and Healthy Life"
300,"Jaywalking ""Breaking Bad."""
301,Chris Pratt
302,"Diagnostic medical sonographer ranked first on CareerCast's list of the least stressful jobs. Some, such as audiologist and tenured professor, require a Ph. Operations research analyst Diagnostic medical sonographer compliance officer"
303,"And sorry, business leaders, you're not going to like which gig tops the list: CEO Lawyer Media (TV and radio) Salesperson Surgeon Journalist Police officer Clergyperson Chef Civil servant Some of these are more surprising than others. CEO Lawyer Media (TV and radio) Salesperson Surgeon Journalist Police officer Clergyperson Chef Civil servant Care aide Nurse Therapist Craftsperson Beautician or stylist Charity worker Teacher Creative artist Doctor Accountant business leaders"
304,rosemary
305,"1,080"
306,Google
307,4. GINGER 2. WHOLE GRAINS AND VEGETABLES 1. CHILI PEPPERS 3. BLACK PEPPER 7. GREEN TEA 2. WHOLE GRAINS AND VEGETABLES
308,Intrepid
309,MORNINGS
310,"University of California, Los Angeles"
311,"News reports and crime shows feed exaggerated fears. The chances that a stranger will abduct and kill or not return a child, the great fear driving the new norm, is about 0. It comes from people who think they’re doing good."
312,capture the pigeon’ mode Pigeon game mode
313,"In a hilarious scene, Priyanka is seen calling out to Zac Efron as ""Easy Britney"" but when it is translated in Hindi, PC can be heard saying, ""Chal Na Katrina"" which is the best part about the trailer and has actually won many hearts."
314,"Monday, February 24"
315,more than seven hours seven hours
316,"By watching the trailer for ""G.B.F."" trailer for 'G.B.F.,"
317,Then get in touch with Muncie Animal Shelter because they want you to take their dogs for a walk while you’re out capturing Meowths and Rattatas.
318,"| AP Photo Donald Trump calls Ted Cruz the P word At a rally on Monday night in Manchester, New Hampshire, Donald Trump repeated a woman’s shouted remark that Ted Cruz was a ""pussy"" for his comments about waterboarding during Saturday’s Republican debate."
319,President Donald Trump already has the authorization to build a wall on the U.S.-Mexico border
320,"Not only can they, we should expect new wars in the Middle East if Hillary Rodham Clinton, the presumptive Democratic candidate for president is elected next November. Apparently, Hillary Clinton considers all Iranians as the enemy, which is truly disturbing. Expect new catastrophic wars in the Middle East, especially one with Iran, if she is elected."
321,Lawrence Phillips
322,"Carrer Avinyó, a gorgeous Barcelona apartment"
323,Nick Johnson
324,"He handed her a plate of food and bottles of water for her family and let her know that a tow truck was on its way and that his wife was going to drive them home. ""He said that the only payment the older man wanted was for me to never give up and keep being an amazing mom,"" Tawny wrote. Tawny Nelson for me to never give up and keep being an amazing mom He handed her a plate of food and bottles of water"
325,"SunShare I think you’re going to be able to track energy usage consumer preferences choice."""
326,"It's possible, but rare. The first barrier is the hormonal changes after conception that stop the ovaries from releasing another egg. Now we don't have rock-solid proof that this is what happened. We would need a series of ultrasound scans"
327,Colin Quinn
328,"The Medium is The (Text) Message Facebook Messenger weaves chatbots with friends ""Facebook is a bit like that big dog galloping toward you in the park,"" said the late New York Times journalist David Carr, bemoaning the influence the social media giant has had on publishers’ distribution—and, in turn, monetization. Editorial Experiments Before monetizing it, publishers need to test the medium itself. Cost Center or Revenue Stream? Chatbots AI-powered News Cost Center or Revenue Stream?"
329,a fossil
330,"$1,175 $1,427"
331,3. Baseball Cards 1. Lunch Boxes 4. Commemorative Plates 2. Beanie Babies 1. Lunch Boxes
332,"(AP) – The evacuation of civilians and opposition fighters from eastern Aleppo have been suspended after rebels opened fire on a convoy at one of the crossing points of the rebel-held enclave, according to Syrian state TV."
333,"The farmer had uncovered the lost and hidden city of Skara Brae. I don’t know about you, but I can’t believe that a farmer could uncover so much by moving one stone."
334,"The Jump 2017 line-up confirmed by Channel 4: Sir Bradley Wiggins, Lydia Bright and Louis Smith hitting the slopes It's a crop of Olympians, retired sportsmen and reality TV stars Despite making a name for itself as one of the most dangerous reality shows in TV history, producers of Channel 4's The Jump have managed to secure a fresh load of celebrities in time for its new series. Other participants include comedian Mark Dolan, supermodel Caprice, model and TV presenter Vogue Williams and broadcaster Emma Parker-Bowles. Sir Bradley Wiggins Josie Gibson Beth Tweddle"
335,used a gun firing a gun
336,"If Elliott can give this offense what DeMarco Murray provided in 2014, I can see Romo playing all 16 games. Question: Saw you guys did a whole bunch of best of Cowboys all time lists. Who would you say is the greatest Cowboy of all time??? Gosselin : The most important position on the field is quarterback. That said, I'd cast my vote for Staubach If Elliott can give this offense what DeMarco Murray provided in 2014, I can see Romo playing all 16 games."
337,Pikaqiu 皮卡丘 (Pikaqiu). Jingling Baokemeng
338,Whitney Thompson
339,"""The human magnitude of climate change looks more like a meteorite strike than a gradual change."" greenhouse gases Crystallising this evidence in the form of a simple equation gives the current situation a clarity that the wealth of data often dilutes."
340,"""This is a work of fiction. Any similarity to actual persons, living or dead, or actual events, is purely coincidental."" What proved to be MGM’s undoing was its lack of deniability. In the film, Chegodieff’s wife is ""Princess Natasha,"" a supporter of Rasputin."
341,"Roger Mugford, a specialist in animal behavior, told the Telegraph: ""I think that the reaction is due to the novelty and unexpectedness of finding an unusual object secretly placed whilst their heads were down in the food bowl."""
342,"Simply Replace Your Diet Soda With This After Meals Last year, some surprising news came from a study that suggested diet beverages were more effective in promoting weight loss than water was."
343,"Tom Hanks' Riveting Performance Makes 'Captain Phillips' One Of Year's Best So Far Tom Hanks has the scene in ""Captain Phillips,"" a moment that will play during the Academy Awards when Jennifer Lawrence announces Hanks as a Best Actor nominee on March 2, 2014. Like the best acting, Hanks' performance actually feels real. ""Captain Phillips"" is set to open the 2013 New York Film Festival, but Sony and producer Scott Rudin set up screenings this week for critics and journalists to see the film while all eyes are fixed on Toronto."
344,"It looks like it's all going to end in complete disaster but just as the big cat goes to pounce, the man spins around and starts laughing and playing with him like they're bezzie mates."
345,a rag
346,"To show support for law enforcement, Chick-fil-A has unveiled their ""Back The Blue"" t-shirts: Chick-fil-A has taken a stand against the rhetoric coming out of the BLM community and wants to show support for those who risk their lives for the safety and service of others."
347,Cleveland Houston
348,"Brandon and Kathy Gunn two hand-written notes wrapped around some cash, as well as wine glasses and bath products ""Do not open until your 1st disagreement."""
349,"pay with cash if you swipe a chip card instead of inserting it into slot, the merchant is responsible for covering any fraudulent charges"
350,Elle
351,"There is no evidence that not washing jeans is hazardous to your health, according to Bernhard Redl, an associate professor in the molecular biology department at the University of Innsbruck in Austria. The freezing myth Although not washing your jeans doesn't seem to pose any health risks, the smell could become a problem The freezing myth Although not washing your jeans doesn't seem to pose any health risks, the smell could become a problem."
352,"Many tweeters noticed some strange behavior on Trump’s part; in addition to his seeming inability to control the volume of his speech, the man couldn’t stop sniffling (see the supercut below). Trump snorted too much adderall!!!"
353,"She simply combines one tablespoon of coconut oil with a pinch of turmeric to create a paste, brushes her teeth with the blend, lets it sit on her teeth for five minutes, then rinses it off for an instantly brighter grin. turmeric coconut oil with a pinch of turmeric Most Popular"
354,"It’s chock-full of nutrients and electrolytes like potassium, which not only keep you hydrated but also take longer for your body to process so you buy some time between bathroom breaks."
355,"That’s what happened to 18-year-old Megan Dixon, who went for a job at a new Miller and Carter steakhouse in Leicestershire. And the laughing face emoji was so unprofessional. Megan Dixon Your parents are bugging you to get out of the house, you don’t have any experience yet, and really you just want to hang with your mates laughing face emoji"
356,Chris Crocker Crocker
357,"Men are more likely to have a heart attack after a snowfall, and it's probably from the exertion of shoveling snow, Canadian researchers reported Monday."
358,"But the most powerful photo in the series is one of little Aubrey wrapped in motorcycle gloves, next to a colorful, shiny motorcycle helmet."
359,A number 7 with medium fries and a Coke
360,Minnesota
361,"""If you are dropping off your son’s forgotten lunch, books, homework, equipment, etc., please TURN AROUND and exit the building,"" ""This is all about teaching young men (high schoolers are not children) to become responsible adult men and spouses and fathers through allowing ‘soft failures,'"" one parent, Margaret Barsocchi Willis, wrote."
362,"(Smash Bros) SSB4: Local Multiplayer Playing Smash with our Bros in person was a different story. (Smash bros) Super Smash Bros 4 Lag: Online Multiplayer We began our testing using both the For Fun and For Glory modes on the 3DS. com/wd5lW2PQnS — Raymond Lancione (@raylancione) October 7, 2014 If anyone's having #SmashBros lag online, apparently it gets better if you plug in the charger while playing."
363,They use sleight of hand and will check pockets without the victim knowing.
364,Cecily Strong Tina Fey Seth Meyers
365,"4. You know exactly what you like to drink and won’t order anything else, even if it’s cheaper. 5. But no glasses? No problem! Your beauty products are almost exclusively high-end. You’re medium-maintenance. 8. You always overpack your suitcase when you go away. 1. When it comes to food 5. But no glasses"
366,Arizona
367,And it has everything to do with the airline greed.
368,"Springfield, Oregon The people of Oregon"
369,"A Pregnant Dog Lays Lifelessly In A Field, But Seconds Later, I Gasped The first time they went to check on a stray dog named Norah, the folks at Take Me Home Pet Rescue feared she’d be dead. Once the entire family was back at the rescue, Norah continued to nurse and bond with her babies – only now, they had a warm, safe environment and were off the streets for good. This remarkable story reminds me of Hero, the abandoned dog who led passersby to a litter of ten sick, newborn puppies and their exhausted mother"
370,Here’s Sony’s Response To Microsoft’s Invite to Connect Xbox One and PS4 Networks Here’s Sony’s Response To Microsoft’s Invite to Connect Xbox One and PS4 Networks Microsoft finally announced cross-network play for Xbox One.
371,"Well, as pointed out by an eagle-eyed viewer (via Screen Rant ), the canisters Bruce Wayne/Batman used have ""Pb"" — the abbreviation for lead in the Periodic Table of Elements — etched on them."
372,"If you're anything like me, however, you experience a weird phenomenon that scientists refer to as ""post-micturition convulsion syndrome."""
373,"NASA has just confirmed that a gargantuan mile-long asteroid is heading towards Earth and will brush past us in just a matter of hours. The smaller space rock, known as QL44, is 61-metres long and is expected to hit the Earth or narrowly miss it on September 17 – however, NASA have claimed they are very ‘uncertain’ about its flight path."
374,"""Where do you see yourself in five years?"""
375,"""Dumb British blond fucks 15 million people at once."""
376,Pat Patterson
377,"CNN’s Fareed Zakaria: Trump ‘Has Succeeded by Bullsh-tting’ [WARNING: Adult language] Friday on ""CNN Tonight,"" network host Fareed Zakaria said President Donald Trump has succeeded by ""bullshitting."" Bullsh-tting"
378,Yvette Nicole Brown
379,"11 Of The Nation's 100 Most Dangerous Cities Are In Florida may be just the fourth most populous state in the U. Florida Sunshine State collecting raw crime data from all 17,000 law enforcement agencies in America"
380,"Hagrid couldn't produce a Patronus. It's a very difficult spell."""
381,Democrat Jason Kander looks to be running very strongly in the exit polls.
382,44 minutes 5.4 minutes 3.7 minutes
383,"Rudy Giuliani. But then the above video happened... With that I wanna introduce Rudy Giuliani When the guy on his right (Homeland Security chief General John Kelly) clearly took pity on him and pointed out the obvious, Trump proceeded to swing his big wig back to the left and say: Oh there's Rudy."
384,monoclonal antibody monoclonal antibodies The antibodies of the film look like wriggly bits of string that rush at her and then adapt themselves to the shape of her body
385,"Here we round up some global options when it comes to festivals you really have to commit to: BOOM – Portugal Taking place every two years beside a lake, BOOM celebrates the full moon with a psychedelic maelstrom of events encouraging people to converge and experience an alternative reality. Burning Man - Black Rock Desert The mecca of transformational festivals. AfrikaBurn - Tankwa Karoo Electric Forest - Rothbury, Michigan It's hard to think of a festival more picturesque than this one, which takes place in a dense forest that is lit with neon so as to give it an otherworldly look. AfrikaBurn - Tankwa Karoo BOOM – Portugal Electric Forest - Rothbury, Michigan"
386,4 tbsp. paprika 1 tbsp. celery salt 1 tbsp. black pepper white pepper
387,"It’s no secret that more Americans are having anal sex than ever before: A study published last year in the Journal of Sexual Medicine found that more than 45 percent of women in their late 20s had tried anal sex. Charlie Glickman, a Good Vibrations sex educator, told me that he believed ""more heterosexual men are discovering prostate and anal play with their female partners than ever before."" Another major factor is that the stigma of receptive anal play as ""a gay thing"" has been somewhat lessened."
388,"Banking on bad movies Yeah, Mary-Kate and Ashley made a lot of money splitting the role of Michelle Tanner on Full House (1987-1995), but they continued to rake in beaucoup bucks when the popular sitcom ended. The Mary-Kate - Heath Ledger connection It seems to have been forgotten over the years that Mary-Kate was somehow linked with actor Heath Ledger's death in 2008. Opioid crisis? What opioid crisis? The Olsens are now successful fashion designers. With multiple clothing labels to their name, the twins offer everything from affordable children's clothing all the way up to haute couture. And while they kicked off their careers with threads sold exclusively at Walmart, they really shot to the top of the catwalk when they unleashed a $55,000 pill-covered handbag Banking on bad movies Mary-Kate's Kool wedding The Mary-Kate - Heath Ledger connection"
389,Klefki So we’ll start with the Pokemon that inspired me to write this article because it’s a bloody key ring! Rotom I’m trying to get my head around this one because it’s just such a strange concept. Vanilluxe Another one of my favourites because it’s just so awful. Cofagrigus Voltorb Druddigon
390,"""I don’t pretend to be an ordinary housewife. I am not and couldn’t be,"" Taylor reportedly accepted a pave diamond-heart necklace after one of her legendary screaming matches with Burton. We’ve always been partial to Taylor’s advice on getting over someone: ""Pour yourself a drink, put on some lipstick, and pull yourself together."" Taylor reportedly accepted a pave diamond-heart necklace Pour yourself a drink, put on some lipstick, and pull yourself together."" ""Maybe we loved each other too much,"""
391,Hillary Clinton
392,Well that was the driving force behind a man named Dan Bell and his recent decision to explore an abandoned apartment complex. That’s a bunch of crack cocain ready to be sold! It’s so old the wood is rotting and won’t support the weight it used too. Dan Bell Falling debris crack house
393,"China is too quick to rebalance its services sector Reuters For years, economists have been saying that China needs to ""rebalance"" its economy, and the government is on board with this daunting project. The reason for that is simple: debt. So what Gibson would like is for China to slow its production and wind the steel industry down."
394,"According to the vet, the plant the dog was chewing on was deadly water hemlock."
395,"Instead of encountering a mound of dirty towels and sheets, a cleaner was met with a stack of cash when she walked into a hotel room."
396,Christopher Suprun
397,"No Medication. High fat vegan plant based diet (nothing processed). Real whole foods, natural minimal skin care routine."" Rachel Crawley upped my fat intake"
398,"WikiLeaks regularly tweets about Assange’s status and whereabouts, and shortly after the cryptic tweets were posted, WikiLeaks proclaimed that a ""state actor"" had cut off Assange’s Internet connection at the Ecuadorian Embassy in London, where Assange had remained since seeking asylum from that country in June 2012: Julian Assange’s internet link has been intentionally severed by a state party. Later that afternoon, WikiLeaks’ official Twitter account said that the Ecuadorian government had cut Assange’s access:"
399,Richard Belzer
